{
  "type": "hades:hades",
  "generator": {
    "type": "noise",
    "biome_source": {
      "type": "multi_noise",
      "biomes": [
        {
          "biome": "hades:hades_valleys",
          "parameters": {
            "temperature": 0,
            "humidity": 0,
            "continentalness": 0,
            "erosion": 0,
            "weirdness": 0,
            "depth": 0,
            "offset": 0
          }
        },
        {
          "biome": "hades:flegeton",
          "parameters": {
            "temperature": 0.8,
            "humidity": 0,
            "continentalness": 0,
            "erosion": 0,
            "weirdness": 0,
            "depth": 0,
            "offset": 0
          }
        }
      ]
    },
    "settings": "hades:hades"
  }
}