{
  "aquifers_enabled": false,
  "default_block": {
    "Name": "minecraft:blackstone"
  },
  "default_fluid": {
    "Name": "minecraft:water"
  },
  "disable_mob_generation": true,
  "legacy_random_source": false,
  "noise": {
    "height": 256,
    "min_y": 0,
    "size_horizontal": 1,
    "size_vertical": 1
  },
  "noise_router": {
    "final_density": 0,
    "barrier": 0,
    "continents": 0,
    "depth": 0,
    "erosion": 0,
    "fluid_level_floodedness": 0.0,
    "fluid_level_spread": 0.0,
    "initial_density_without_jaggedness": {
      "type": "minecraft:add",
      "argument1": -0.234375,
      "argument2": {
        "type": "minecraft:mul",
        "argument1": {
          "type": "minecraft:y_clamped_gradient",
          "from_value": 0.0,
          "from_y": 4,
          "to_value": 1.0,
          "to_y": 32
        },
        "argument2": {
          "type": "minecraft:add",
          "argument1": 0.234375,
          "argument2": {
            "type": "minecraft:add",
            "argument1": -23.4375,
            "argument2": {
              "type": "minecraft:mul",
              "argument1": {
                "type": "minecraft:y_clamped_gradient",
                "from_value": 1.0,
                "from_y": 56,
                "to_value": 0.0,
                "to_y": 312
              },
              "argument2": {
                "type": "minecraft:add",
                "argument1": 23.4375,
                "argument2": {
                  "type": "minecraft:add",
                  "argument1": -0.703125,
                  "argument2": {
                    "type": "minecraft:cache_2d",
                    "argument": {
                      "type": "minecraft:end_islands"
                    }
                  }
                }
              }
            }
          }
        }
      }
    },
    "lava": 0.0,
    "ridges": 0.0,
    "vegetation": 0.0,
    "vein_gap": 0.0,
    "vein_ridged": 0.0,
    "vein_toggle": 0.0,
    "temperature": {
      "type": "shifted_noise",
      "noise": "minecraft:temperature",
      "shift_x": 0.0,
      "shift_z": 0.0,
      "shift_y": 0.0,
      "xz_scale": 0.25,
      "y_scale": 0.0
    }
  },
  "ore_veins_enabled": false,
  "sea_level": 78,
  "spawn_target": [],
  "surface_rule": {
    "type": "minecraft:sequence",
    "sequence": [
      {
        "type": "minecraft:condition",
        "if_true": {
          "type": "minecraft:biome",
          "biome_is": [
            "hades:river"
          ]
        },
        "then_run": {
          "type": "minecraft:condition",
          "if_true": {
            "type": "minecraft:not",
            "invert": {
              "type": "minecraft:y_above",
              "anchor": {
                "absolute": 80
              },
              "add_stone_depth": false,
              "surface_depth_multiplier": 1
            }
          },
          "then_run": {
            "type": "minecraft:block",
            "result_state": {
                "Name": "minecraft:basalt"
            }
          }
        }
      },
      {
        "type": "minecraft:block",
        "result_state": {
          "Name": "blackstone"
        }
      }
    ]
  }
}